Name,MODEL,Classification,MAX_POWER,IO_IDLE_CURRENT@10V,LENGTH,KT,ESC/BEC_Class,CAN_LENGTH,TOTAL_LENGTH,KM,SHAFT_DIAMETER,WEIGHT,Poles,INTERNAL_RESISTANCE,CONTROL_CHANNEL,ADAPTER_LENGTH,MAX_CURRENT,Max_#_of_Cells,KV,COST,CAN_DIAMETER,Min_#_of_Cells,PROP_SIZE_REC.,PROP_PITCH_REC.,ESC_PWM_RATE_MIN,ADAPTER_DIAMETER,ESC_PWM_RATE_MAX,COST_ADAPTER,ESC_RATE,surface_area,density,coordIxx,coordIxy,coordIxz,coordIyx,coordIyy,coordIyz,coordIzx,coordIzy,coordIzz,cgIxx,cgIxy,cgIxz,cgIyx,cgIyy,cgIyz,cgIzx,cgIzy,cgIzz,CREO_DESCRIPTION,CREO_MODELED_BY,CREO_CAN_DIAMETER,CREO_CAN_LENGTH,CREO_SHAFT_DIAMETER,CREO_TOTAL_LENGTH,CREO_LENGTH,CREO_WEIGHT
t_motor_AT3520KV850,AT3520KV850,Motor,1100.0,2.0,45.0,0.011234466571192613,3.0,20.0,65.0,0.09494857222248725,5.0,0.221,12N14P,14.0,1,"(30.0, 36.0)",70.0,4.0,850.0,79.99,43.0,3.0,"(13.0, 15.0)","(5.0, 7.0)",,"(6.0, 8.0)",,,,7475.686462926633,5.2327113769512685e-06,77.90109496245746,0.0,0.0,0.0,40.0376268811271,-0.19515771391932546,0.0,-0.19515771391932546,77.6756632601716,24.211324655876133,0.0,0.0,0.0,40.03707219603775,-0.02258712730476245,0.0,-0.02258712730476245,23.98644763867962,,,43.0,20.0,5.0,65.0,45.0,0.221
t_motor_AS2814KV2000,AS2814KV2000,Motor,441.0,4.5,36.0,0.004774648292756861,3.0,14.0,54.5,0.04552448523949003,5.0,0.116,12N14P,11.0,1,30.0,42.0,3.0,2000.0,33.99,36.2,2.0,"(7.0, 11.0)","(4.0, 7.0)",,6.0,,,,5900.680271059017,5.2327113769512685e-06,51.705864200996885,0.0,0.0,0.0,20.724491281364365,-0.16822519654729362,0.0,-0.16822519654729362,51.539764275816964,24.039475985042756,0.0,0.0,0.0,20.724076304856233,-0.061077032918536264,0.0,-0.06107703291853628,23.873791036370974,,,36.2,14.0,5.0,54.5,36.0,0.116
t_motor_AT2308KV2600,AT2308KV2600,Motor,300.0,1.8,26.0,0.003672806379043739,3.0,8.0,40.5,0.02194921630389469,4.0,0.048,12N14P,28.0,1,23.0,28.0,4.0,2600.0,29.99,28.8,2.0,"(5.0, 7.0)","(4.0, 6.0)",,6.0,,,,4303.506303486514,5.2327113769512685e-06,30.825206587983416,0.0,0.0,0.0,8.693726212266151,-0.13891996177970034,0.0,-0.13891996177970034,30.71350651453907,19.507062682555613,0.0,0.0,0.0,8.69344761525067,-0.08276728155399252,0.0,-0.08276728155399252,19.395641206126747,,,28.8,8.0,4.0,40.5,26.0,0.048
t_motor_MN4012KV480,MN4012KV480,Motor,870.0,1.3,33.0,0.019894367886486918,2.0,12.0,40.9,0.08332833742247843,4.0,0.155,18N24P,57.0,1,"(31.5, 31.5)",29.0,8.0,480.0,92.9,44.7,4.0,"(12.0, 16.0)","(4.0, 6.0)",,"(6.0, 8.0)",,,,7680.909267227701,5.2327113769512685e-06,88.84547742167243,0.0,0.0,0.0,50.051758672107866,-0.20189737857053114,0.0,-0.20189737857053158,88.60381621065952,52.10442877724043,0.0,0.0,0.0,50.051431186291154,-0.09220660833268607,0.0,-0.0922066083326865,51.86309505204423,,,44.7,12.0,4.0,40.9,33.0,0.155
t_motor_AT3520KV550,AT3520KV550,Motor,1110.0,1.1,45.0,0.017362357428206764,3.0,20.0,65.0,0.09861156371777464,5.0,0.218,12N14P,31.0,1,"(30.0, 36.0)",50.0,6.0,550.0,79.99,43.0,4.0,"(13.0, 15.0)","(5.0, 8.0)",,"(6.0, 8.0)",,,,7475.686462926633,5.2327113769512685e-06,77.90109496245746,0.0,0.0,0.0,40.0376268811271,-0.19515771391932546,0.0,-0.19515771391932546,77.6756632601716,24.940145067277683,0.0,0.0,0.0,40.03707972569959,-0.02492971445337644,0.0,-0.02492971445337644,24.715260520419328,,,43.0,20.0,5.0,65.0,45.0,0.218
t_motor_MN4010KV370,MN4010KV370,Motor,450.0,0.8,30.0,0.025808909690577624,2.0,10.0,39.1,0.08244353784754947,4.0,0.137,18N24P,98.0,1,"(31.5, 31.5)",20.0,8.0,370.0,86.9,44.7,4.0,"(12.0, 17.0)","(4.0, 6.0)",,"(6.0, 8.0)",,,,7692.615887698452,5.2327113769512685e-06,89.50113481451112,0.0,0.0,0.0,50.78464790547637,-0.20189359287974806,0.0,-0.20189359287974806,89.25947601910752,57.37826372693603,0.0,0.0,0.0,50.784364424332026,-0.10646745445818688,0.0,-0.10646745445818688,57.13688841267678,,,44.7,10.0,4.0,39.1,30.0,0.137
kde_direct_KDE2814XF_775,KDE2814XF_775,Motor,666.0,0.5,31.7,0.0123,1.0,14.0,41.45,0.0469,4.0,0.125,12S14P,69.0,1,15.0,36.0,5.0,775.0,71.95,35.5,3.0,"(12.0, 16.0)","(3.0, 6.0)",,6.0,,,,5598.9864159786775,5.2327113769512685e-06,50.779396004450014,0.0,0.0,0.0,20.467257256546922,-0.16545217982790383,0.0,-0.16545217982790406,50.618892500207394,21.600934718871052,0.0,0.0,0.0,20.46682550242829,-0.05321255035703748,0.0,-0.0532125503570377,21.44086296874706,,,35.5,14.0,4.0,41.45,31.7,0.125
t_motor_AT2321KV1250,AT2321KV1250,Motor,700.0,1.8,40.0,0.007639437268410976,3.0,21.0,56.0,0.039189486297511025,4.0,0.094,12N14P,38.0,1,23.0,45.0,4.0,1250.0,44.99,28.8,2.0,"(8.0, 11.0)","(4.0, 7.0)",,6.0,,,,4318.765284196598,5.2327113769512685e-06,30.60979853957744,0.0,0.0,0.0,8.553397918563288,-0.13892018544913154,0.0,-0.13892018544913154,30.498098263043257,8.256461082338294,0.0,0.0,0.0,8.552839506138223,-0.027197002745779963,0.0,-0.027197002745779963,8.145319218229176,,,28.8,21.0,4.0,56.0,40.0,0.094
t_motor_MN3515KV400,MN3515KV400,Motor,900.0,0.3,34.0,0.0238732414637843,2.0,15.0,43.0,0.07009425046445468,4.0,0.183,12N14P,116.0,1,31.5,30.0,8.0,400.0,96.9,42.5,4.0,"(12.0, 17.0)","(3.0, 6.0)",,6.0,,,,7161.267562141131,5.2327113769512685e-06,79.05237912422326,0.0,0.0,0.0,41.89418395406453,-0.19317942152100454,0.0,-0.1931794215210041,78.83160477852566,36.3695786725304,0.0,0.0,0.0,41.893764529071234,-0.05938085136360366,0.0,-0.059380851363603215,36.1492237518261,,,42.5,15.0,4.0,43.0,34.0,0.183
t_motor_AT4120KV560,AT4120KV560,Motor,1800.0,2.4,45.0,0.017052315331274503,3.0,20.0,69.0,0.1348103895655903,6.0,0.3,12N14P,16.0,1,"(35.0, 40.0)",80.0,6.0,560.0,109.99,50.0,4.0,"(14.0, 16.0)","(7.0, 9.0)",,"(8.0, 10.0)",,,,9361.790948789938,5.2327113769512685e-06,116.49912462746653,0.0,0.0,0.0,74.71675425011901,-0.22288161526878403,0.0,-0.22288161526878447,116.20333524469726,45.866313987125224,0.0,0.0,0.0,74.71624009167918,-0.032313539872799085,0.0,-0.03231353987279953,45.57103876279578,,,50.0,20.0,6.0,69.0,45.0,0.3
t_motor_AS2820KV1050,AS2820KV1050,Motor,963.0,2.6,42.0,0.009094568176679734,3.0,20.0,62.2,0.059708765283968346,5.0,0.14400000000000002,12N14P,23.2,1,30.0,67.0,4.0,1050.0,34.0,36.2,3.0,"(10.0, 13.0)","(5.0, 8.0)",,6.0,,,,5927.3838076677675,5.2327113769512685e-06,51.74733259368238,0.0,0.0,0.0,20.725037173305637,-0.16822490590921158,0.0,-0.16822490590921158,51.58123491317418,17.577244801655674,0.0,0.0,0.0,20.724523342899474,-0.035720694402060243,0.0,-0.035720694402060243,17.411660951553635,,,36.2,20.0,5.0,62.2,42.0,0.14400000000000002
t_motor_AT2312KV1150,AT2312KV1150,Motor,350.0,0.85,30.0,0.008303736161316279,3.0,12.0,44.5,0.030320957380828555,4.0,0.06,12N14P,75.0,1,23.0,25.0,4.0,1150.0,34.99,28.8,2.0,"(8.0, 10.0)","(4.0, 7.0)",,6.0,,,,4303.506303486514,5.2327113769512685e-06,30.825206587983416,0.0,0.0,0.0,8.693726212266151,-0.13891996177970034,0.0,-0.13891996177970034,30.71350651453907,16.677526706198663,0.0,0.0,0.0,8.6933779659968,-0.06872911149756557,0.0,-0.06872911149756557,16.566174879023666,,,28.8,12.0,4.0,44.5,30.0,0.06
t_motor_MN5208KV340,MN5208KV340,Motor,850.0,0.9,29.5,0.02808616642798153,2.0,8.0,38.5,0.09209816785799094,4.0,0.196,24N22P,93.0,1,31.5,35.0,6.0,340.0,99.9,59.0,4.0,"(14.0, 18.0)","(4.0, 7.0)",,6.0,,,,11504.109627332855,5.2327113769512685e-06,189.8333005357701,0.0,0.0,0.0,155.4292608305239,-0.2585498928740968,0.0,-0.25854989287409635,189.43313303538827,144.382146183539,0.0,0.0,0.0,155.4290456152936,-0.1596472420838393,0.0,-0.15964724208383885,143.9821938983875,,,59.0,8.0,4.0,38.5,29.5,0.196
t_motor_AT4130KV450,AT4130KV450,Motor,1800.0,2.5,55.0,0.02122065907891938,3.0,30.0,79.0,0.1627550255379725,6.0,0.40800000000000003,12N14P,17.0,1,"(35.0, 40.0)",75.0,8.0,450.0,119.99,50.0,6.0,"(15.0, 18.0)","(7.0, 10.0)",,"(8.0, 10.0)",,,,9361.790948789938,5.2327113769512685e-06,116.49912462746653,0.0,0.0,0.0,74.71675425011901,-0.22288161526878403,0.0,-0.22288161526878447,116.20333524469726,20.43850215660234,0.0,0.0,0.0,74.71605499464084,0.0362909672697555,0.0,0.03629096726975506,20.143412029311236,,,50.0,30.0,6.0,79.0,55.0,0.40800000000000003
t_motor_AT4130KV230,AT4130KV230,Motor,2500.0,1.4,55.0,0.04151868080658139,3.0,30.0,79.0,0.16949930461601653,6.0,0.40800000000000003,12N14P,60.0,1,"(35.0, 40.0)",60.0,12.0,230.0,119.99,50.0,6.0,"(15.0, 20.0)","(7.0, 11.0)",,"(8.0, 10.0)",,,,9361.790948789938,5.2327113769512685e-06,116.49912462746653,0.0,0.0,0.0,74.71675425011901,-0.22288161526878403,0.0,-0.22288161526878447,116.20333524469726,20.43850215660234,0.0,0.0,0.0,74.71605499464084,0.0362909672697555,0.0,0.03629096726975506,20.143412029311236,,,50.0,30.0,6.0,79.0,55.0,0.40800000000000003
t_motor_AS2814KV900,AS2814KV900,Motor,553.0,1.35,36.0,0.01061032953945969,3.0,14.0,54.5,0.05087263630837239,5.0,0.11,12N14P,43.5,1,30.0,37.0,4.0,900.0,33.99,36.2,3.0,"(9.0, 14.0)","(4.0, 7.0)",,6.0,,,,5900.680271059017,5.2327113769512685e-06,51.705864200996885,0.0,0.0,0.0,20.724491281364365,-0.16822519654729362,0.0,-0.16822519654729362,51.539764275816964,25.47049606517831,0.0,0.0,0.0,20.724097769158377,-0.06661917931312715,0.0,-0.06661917931312716,25.304789652204384,,,36.2,14.0,5.0,54.5,36.0,0.11
kde_direct_KDE4213XF_360,KDE4213XF_360,Motor,1124.0,0.4,34.0,0.0265,1.0,13.0,44.0,0.0932,6.0,0.23,18S24P,81.0,1,"(20.0, 20.0)",38.0,8.0,360.0,133.95,48.2,4.0,"(16.0, 22.0)","(4.0, 8.0)",,"(6.0, 8.0)",,19.95,,8616.621958170823,5.2327113769512685e-06,108.54224576979382,0.0,0.0,0.0,68.21479806700813,-0.21575622098960157,0.0,-0.21575622098960157,108.26544228152366,54.756559183802416,0.0,0.0,0.0,68.214395141605,-0.06854393515217946,0.0,-0.06854393515217946,54.480158620935384,,,48.2,13.0,6.0,44.0,34.0,0.23
t_motor_AT2321KV950,AT2321KV950,Motor,450.0,1.2,40.0,0.010051891142646022,3.0,21.0,56.0,0.03942676083450965,4.0,0.093,12N14P,65.0,1,23.0,30.0,4.0,950.0,44.99,28.8,2.0,"(9.0, 12.0)","(4.0, 7.0)",,6.0,,,,4318.765284196598,5.2327113769512685e-06,30.60979853957744,0.0,0.0,0.0,8.553397918563288,-0.13892018544913154,0.0,-0.13892018544913154,30.498098263043257,8.494262544649349,0.0,0.0,0.0,8.552845446695937,-0.02838554724262414,0.0,-0.028385547242624126,8.383114739982517,,,28.8,21.0,4.0,56.0,40.0,0.093
t_motor_MN4012KV400,MN4012KV400,Motor,750.0,1.0,33.0,0.0238732414637843,2.0,12.0,40.9,0.08717275246988208,4.0,0.155,18N24P,75.0,1,"(31.5, 31.5)",25.0,8.0,400.0,92.9,44.7,4.0,"(12.0, 16.0)","(4.0, 6.0)",,"(6.0, 8.0)",,,,7680.909267227701,5.2327113769512685e-06,88.84547742167243,0.0,0.0,0.0,50.051758672107866,-0.20189737857053114,0.0,-0.20189737857053158,88.60381621065952,52.10442877724043,0.0,0.0,0.0,50.051431186291154,-0.09220660833268607,0.0,-0.0922066083326865,51.86309505204423,,,44.7,12.0,4.0,40.9,33.0,0.155
t_motor_AT4125KV540,AT4125KV540,Motor,2000.0,2.6,50.0,0.01768388256576615,3.0,25.0,74.0,0.14945608590576698,6.0,0.355,12N14P,14.0,1,"(35.0, 40.0)",85.0,6.0,540.0,115.99,50.0,4.0,"(13.0, 16.0)","(7.0, 9.0)",,"(8.0, 10.0)",,,,9361.790948789938,5.2327113769512685e-06,116.49912462746653,0.0,0.0,0.0,74.71675425011901,-0.22288161526878403,0.0,-0.22288161526878447,116.20333524469726,32.91696536972932,0.0,0.0,0.0,74.71614582929854,0.0026239406164648427,0.0,0.0026239406164643986,32.62178440778051,,,50.0,25.0,6.0,74.0,50.0,0.355
t_motor_AS2820KV1250,AS2820KV1250,Motor,1092.0,3.44,42.0,0.007639437268410976,3.0,20.0,62.2,0.05893953811705331,5.0,0.14400000000000002,12N14P,16.8,1,30.0,77.0,4.0,1250.0,34.0,36.2,3.0,"(8.0, 12.0)","(5.0, 8.0)",,6.0,,,,5927.3838076677675,5.2327113769512685e-06,51.74733259368238,0.0,0.0,0.0,20.725037173305637,-0.16822490590921158,0.0,-0.16822490590921158,51.58123491317418,17.577244801655674,0.0,0.0,0.0,20.724523342899474,-0.035720694402060243,0.0,-0.035720694402060243,17.411660951553635,,,36.2,20.0,5.0,62.2,42.0,0.14400000000000002
t_motor_AS2312KV1150,AS2312KV1150,Motor,357.0,0.76,30.0,0.008303736161316279,3.0,12.0,44.5,0.029176354843180888,4.0,0.063,12N14P,81.0,1,"(24.0, 28.0)",23.0,4.0,1150.0,19.99,29.4,3.0,"(7.0, 10.0)","(5.0, 7.0)",,"(5.0, 6.0)",,,,4419.123326431602,5.2327113769512685e-06,32.3391903508228,0.0,0.0,0.0,9.453838197553008,-0.14129701414162765,0.0,-0.14129701414162787,32.223469148470315,17.50349458154384,0.0,0.0,0.0,9.453490908082621,-0.06951846360907604,0.0,-0.06951846360907626,17.38812066866175,,,29.4,12.0,4.0,44.5,30.0,0.063
t_motor_MN3508KV380,MN3508KV380,Motor,310.0,0.4,27.0,0.025129727856615054,2.0,8.0,35.1,0.05550228394103166,4.0,0.10300000000000001,12N14P,205.0,1,26.0,14.0,6.0,380.0,69.9,41.8,3.0,"(12.0, 16.0)","(4.0, 6.0)",,6.0,,,,6985.904602648997,5.2327113769512685e-06,75.74551779328537,0.0,0.0,0.0,39.14233639787321,-0.19040718318755978,0.0,-0.19040718318755934,75.5311925016659,51.668150511326715,0.0,0.0,0.0,39.142090516075825,-0.11346482888449802,0.0,-0.11346482888449759,51.454071101504624,,,41.8,8.0,4.0,35.1,27.0,0.10300000000000001
t_motor_AT4120KV500,AT4120KV500,Motor,1700.0,2.0,45.0,0.019098593171027443,3.0,20.0,69.0,0.1317928137921712,6.0,0.305,12N14P,21.0,1,"(35.0, 40.0)",75.0,6.0,500.0,109.99,50.0,4.0,"(14.0, 16.0)","(7.0, 10.0)",,"(8.0, 10.0)",,,,9361.790948789938,5.2327113769512685e-06,116.49912462746653,0.0,0.0,0.0,74.71675425011901,-0.22288161526878403,0.0,-0.22288161526878447,116.20333524469726,44.68910047645287,0.0,0.0,0.0,74.71623152237186,-0.029137405282866014,0.0,-0.029137405282866458,44.39383382143076,,,50.0,20.0,6.0,69.0,45.0,0.305
kde_direct_KDE3520XF_400,KDE3520XF_400,Motor,1332.0,0.3,45.0,0.0239,1.0,20.0,54.25,0.0855,5.0,0.245,12S14P,78.0,1,"(17.0, 17.0)",45.0,8.0,400.0,112.95,42.2,4.0,"(16.0, 20.0)","(4.0, 8.0)",,"(6.0, 8.0)",,15.95,,7115.4451004201055,5.2327113769512685e-06,74.07727276992608,0.0,0.0,0.0,37.043987061974555,-0.19199018639349408,0.0,-0.19199018639349386,73.85927622711608,13.234283446927098,0.0,0.0,0.0,37.04333485550435,0.00721263971553035,0.0,0.007212639715530572,13.016939110587305,,,42.2,20.0,5.0,54.25,45.0,0.245
t_motor_AT4120KV250,AT4120KV250,Motor,2100.0,1.0,45.0,0.038197186342054885,3.0,20.0,69.0,0.13855575756093666,6.0,0.304,12N14P,76.0,1,"(35.0, 40.0)",45.0,12.0,250.0,109.99,50.0,6.0,"(14.0, 18.0)","(6.0, 10.0)",,"(8.0, 10.0)",,,,9361.790948789938,5.2327113769512685e-06,116.49912462746653,0.0,0.0,0.0,74.71675425011901,-0.22288161526878403,0.0,-0.22288161526878447,116.20333524469726,44.924543178587335,0.0,0.0,0.0,74.71623323623331,-0.029772632200852606,0.0,-0.02977263220085305,44.62927480970376,,,50.0,20.0,6.0,69.0,45.0,0.304
t_motor_AT2317KV1400,AT2317KV1400,Motor,700.0,1.7,36.0,0.006820926132509801,3.0,17.0,52.0,0.03645938378334958,4.0,0.08,12N14P,35.0,1,23.0,45.0,4.0,1400.0,39.99,28.8,2.0,"(8.0, 10.0)","(4.0, 7.0)",,6.0,,,,4318.765284196598,5.2327113769512685e-06,30.60979853957744,0.0,0.0,0.0,8.553397918563288,-0.13892018544913154,0.0,-0.13892018544913154,30.498098263043257,11.585681554693059,0.0,0.0,0.0,8.552922673946211,-0.043836625701598284,0.0,-0.043836625701598284,11.474456522775952,,,28.8,17.0,4.0,52.0,36.0,0.08
kde_direct_KDE2315XF885,KDE2315XF885,Motor,532.0,0.5,28.5,0.0108,1.0,15.0,35.25,0.0303,4.0,0.075,12S14P,127.0,1,12.0,24.0,6.0,885.0,60.95,28.3,3.0,"(9.0, 12.0)","(3.0, 5.0)",,6.0,,,,4114.60986375881,5.2327113769512685e-06,30.46612044530081,0.0,0.0,0.0,8.66159024630726,-0.13693656283800548,0.0,-0.13693656283800548,30.357719799958826,13.373918993719492,0.0,0.0,0.0,8.66117459907142,-0.0526504220725785,0.0,-0.0526504220725785,13.265933995613349,,,28.3,15.0,4.0,35.25,28.5,0.075
t_motor_MN4014KV400,MN4014KV400,Motor,900.0,1.3,35.0,0.0238732414637843,2.0,14.0,42.9,0.09223037816543718,4.0,0.171,18N24P,67.0,1,"(31.5, 31.5)",30.0,8.0,400.0,96.9,44.7,4.0,"(14.0, 18.0)","(4.0, 6.0)",,"(6.0, 8.0)",,,,7680.909267227701,5.2327113769512685e-06,88.84547742167243,0.0,0.0,0.0,50.051758672107866,-0.20189737857053114,0.0,-0.20189737857053158,88.60381621065952,48.31180440104097,0.0,0.0,0.0,50.051397381303616,-0.08088369011458592,0.0,-0.08088369011458635,48.07050448083231,,,44.7,14.0,4.0,42.9,35.0,0.171
t_motor_AT2820KV1050,AT2820KV1050,Motor,900.0,2.0,43.0,0.009094568176679734,3.0,20.0,63.5,0.05435044037154876,5.0,0.139,12N14P,28.0,1,"(30.0, 36.0)",65.0,4.0,1050.0,59.99,35.2,3.0,"(10.0, 14.0)","(5.0, 8.0)",,"(6.0, 8.0)",,,,5712.603982763283,5.2327113769512685e-06,47.93425652273701,0.0,0.0,0.0,18.16139360797968,-0.164261946126113,0.0,-0.16426194612611322,47.776138046616765,14.543164895697554,0.0,0.0,0.0,18.160848216347688,-0.029314087660571697,0.0,-0.02931408766057192,14.385591811209299,,,35.2,20.0,5.0,63.5,43.0,0.139
t_motor_MN3110KV700,MN3110KV700,Motor,466.0,0.3,30.0,0.013641852265019601,2.0,10.0,37.1,0.044975855022520064,4.0,0.099,12N14P,92.0,1,26.0,21.0,6.0,700.0,61.9,37.7,3.0,"(10.0, 13.0)","(3.0, 5.0)",,6.0,,,,6043.8502892191445,5.2327113769512685e-06,57.94003054704589,0.0,0.0,0.0,25.273927898278842,-0.17416940776408563,0.0,-0.17416940776408607,57.76158398830286,34.300191169587364,0.0,0.0,0.0,25.273616990503964,-0.08843893945978781,0.0,-0.08843893945978827,34.12205551861922,,,37.7,10.0,4.0,37.1,30.0,0.099
t_motor_AT2814KV1050,AT2814KV1050,Motor,700.0,1.5,36.0,0.009094568176679734,3.0,14.0,54.5,0.048612511711132775,5.0,0.107,12N14P,35.0,1,"(30.0, 36.0)",50.0,4.0,1050.0,49.99,35.2,3.0,"(9.0, 13.0)","(4.0, 7.0)",,"(6.0, 8.0)",,,,5684.890731032396,5.2327113769512685e-06,48.277474042276225,0.0,0.0,0.0,18.4739883341891,-0.16426465032192272,0.0,-0.16426465032192272,48.119344665579774,22.71664087997292,0.0,0.0,0.0,18.47357795968836,-0.06184714332080159,0.0,-0.0618471433208016,22.558921877777216,,,35.2,14.0,5.0,54.5,36.0,0.107
t_motor_MT2216V2800KV,MT2216V2800KV,Motor,260.0,0.3,34.0,0.01193662073189215,3.0,16.0,58.0,0.02853398119506309,5.0,0.075,12N14P,175.0,1,,18.0,4.0,800.0,54.9,27.5,3.0,"(9.0, 12.0)","(3.0, 5.0)",,,,,,4239.111636748747,5.2327113769512685e-06,27.95862335958933,0.0,0.0,0.0,7.211684576463304,-0.13377171867932425,0.0,-0.13377171867932436,27.855397401105435,11.27436394207625,0.0,0.0,0.0,7.211211913539549,-0.0449696498593392,0.0,-0.04496964985933931,11.171610646516108,,,27.5,16.0,5.0,58.0,34.0,0.075
kde_direct_KDE3510XF_715,KDE3510XF_715,Motor,832.0,0.5,35.0,0.0134,1.0,10.0,44.75,0.0575,5.0,0.17500000000000002,12S14P,54.0,1,"(17.0, 17.0)",45.0,5.0,715.0,92.95,42.2,3.0,"(12.0, 16.0)","(4.0, 6.0)",,"(6.0, 8.0)",,,,7123.2990817924365,5.2327113769512685e-06,74.07890859039148,0.0,0.0,0.0,37.04414787745708,-0.1919904254167326,0.0,-0.19199042541673217,73.86091198291436,30.652890261443545,0.0,0.0,0.0,37.04368227829356,-0.04979724334979249,0.0,-0.04979724334979205,30.435359253129946,,,42.2,10.0,5.0,44.75,35.0,0.17500000000000002
t_motor_MT13063100KV,MT13063100KV,Motor,44.0,0.2,12.0,0.0030804182533915227,3.0,6.0,26.0,0.012371257411140733,4.0,0.0112,9N12P,62.0,1,,6.0,2.0,3100.0,41.9,17.7,1.0,"(6.0, 7.0)","(2.0, 3.0)",,,,,,2398.3690903024117,5.2327113769512685e-06,11.31212403688963,0.0,0.0,0.0,1.464056027430472,-0.09495772650871381,0.0,-0.09495772650871381,11.262357947891308,8.981396168834976,0.0,0.0,0.0,1.463886641303781,-0.0750890508034622,0.0,-0.0750890508034622,8.931799465963346,,,17.7,6.0,4.0,26.0,12.0,0.0112
kde_direct_KDE4012XF_400,KDE4012XF_400,Motor,947.0,0.5,30.0,0.0239,1.0,12.0,39.75,0.0844,5.0,0.2,18S24P,80.0,1,"(20.0, 20.0)",32.0,8.0,400.0,114.95,46.5,4.0,"(16.0, 20.0)","(4.0, 8.0)",,"(6.0, 8.0)",,19.95,,8149.18330057278,5.2327113769512685e-06,100.707889457321,0.0,0.0,0.0,61.33762119678481,-0.20902261748540507,0.0,-0.20902261748540485,100.44845149676127,54.94543544187263,0.0,0.0,0.0,61.33725899239593,-0.08027779041121058,0.0,-0.08027779041121036,54.686359685701774,,,46.5,12.0,5.0,39.75,30.0,0.2
t_motor_MN22041400KV,MN22041400KV,Motor,88.0,0.3,12.0,0.006820926132509801,2.0,4.0,26.0,0.01266614184857098,2.0,0.023,12N14P,290.0,1,,8.0,3.0,1400.0,25.9,27.0,2.0,"(5.0, 8.0)","(2.0, 3.0)",,,,,,3880.7079918091968,5.2327113769512685e-06,28.118038050034315,0.0,0.0,0.0,7.663891719788702,-0.13178976463332503,0.0,-0.1317897646333248,28.017986358030978,23.12700327468136,0.0,0.0,0.0,7.663761238720351,-0.1062707810258722,0.0,-0.10627078102587198,23.027082063746377,,,27.0,4.0,2.0,26.0,12.0,0.023
t_motor_AT2312KV1400,AT2312KV1400,Motor,320.0,1.1,30.0,0.006820926132509801,3.0,12.0,44.5,0.029084526753195856,4.0,0.06,12N14P,55.0,1,23.0,30.0,4.0,1400.0,34.99,28.8,2.0,"(7.0, 9.0)","(4.0, 7.0)",,6.0,,,,4303.506303486514,5.2327113769512685e-06,30.825206587983416,0.0,0.0,0.0,8.693726212266151,-0.13891996177970034,0.0,-0.13891996177970034,30.71350651453907,16.677526706198663,0.0,0.0,0.0,8.6933779659968,-0.06872911149756557,0.0,-0.06872911149756557,16.566174879023666,,,28.8,12.0,4.0,44.5,30.0,0.06
t_motor_AT3530KV580,AT3530KV580,Motor,1400.0,1.9,55.0,0.016464304457782276,3.0,30.0,75.0,0.12271767989951328,5.0,0.298,12N14P,18.0,1,"(30.0, 36.0)",65.0,6.0,580.0,99.99,43.0,4.0,"(13.0, 16.0)","(7.0, 9.0)",,"(6.0, 8.0)",,,,7475.686462926633,5.2327113769512685e-06,77.90109496245746,0.0,0.0,0.0,40.0376268811271,-0.19515771391932546,0.0,-0.19515771391932546,77.6756632601716,5.504934096569517,0.0,0.0,0.0,40.03687893471702,0.0375392761763296,0.0,0.0375392761763296,5.280250340693733,,,43.0,30.0,5.0,75.0,55.0,0.298
t_motor_MN3110KV470,MN3110KV470,Motor,330.0,0.3,30.0,0.02031765230960366,2.0,10.0,37.1,0.05529764547756568,4.0,0.098,12N14P,135.0,1,26.0,15.0,6.0,470.0,61.9,37.7,3.0,"(10.0, 15.0)","(3.0, 5.0)",,6.0,,,,6043.8502892191445,5.2327113769512685e-06,57.94003054704589,0.0,0.0,0.0,25.273927898278842,-0.17416940776408563,0.0,-0.17416940776408607,57.76158398830286,34.53897742592533,0.0,0.0,0.0,25.273620130986536,-0.08930490378609385,0.0,-0.0893049037860943,34.360838634474604,,,37.7,10.0,4.0,37.1,30.0,0.098
t_motor_MN4012KV340,MN4012KV340,Motor,660.0,0.9,33.0,0.02808616642798153,2.0,12.0,40.9,0.07701346160134363,4.0,0.155,18N24P,133.0,1,"(31.5, 31.5)",22.0,8.0,340.0,92.9,44.7,4.0,"(13.0, 17.0)","(4.0, 6.0)",,"(6.0, 8.0)",,,,7680.909267227701,5.2327113769512685e-06,88.84547742167243,0.0,0.0,0.0,50.051758672107866,-0.20189737857053114,0.0,-0.20189737857053158,88.60381621065952,52.10442877724043,0.0,0.0,0.0,50.051431186291154,-0.09220660833268607,0.0,-0.0922066083326865,51.86309505204423,,,44.7,12.0,4.0,40.9,33.0,0.155
t_motor_MN5212KV340,MN5212KV340,Motor,840.0,1.1,33.5,0.02808616642798153,2.0,12.0,42.5,0.10692220825294046,4.0,0.249,24N22P,69.0,1,31.5,35.0,8.0,340.0,109.9,59.0,4.0,"(14.0, 19.0)","(5.0, 7.0)",,6.0,,,,11504.109627332855,5.2327113769512685e-06,189.8333005357701,0.0,0.0,0.0,155.4292608305239,-0.2585498928740968,0.0,-0.25854989287409635,189.43313303538827,132.09178301686427,0.0,0.0,0.0,155.4289874193385,-0.1329031579415758,0.0,-0.13290315794157537,131.6918889276679,,,59.0,12.0,4.0,42.5,33.5,0.249
t_motor_AT4125KV250,AT4125KV250,Motor,2200.0,1.0,50.0,0.038197186342054885,3.0,25.0,74.0,0.14647952298417527,6.0,0.35000000000000003,12N14P,68.0,1,"(35.0, 40.0)",50.0,12.0,250.0,115.99,50.0,6.0,"(15.0, 18.0)","(8.0, 10.0)",,"(8.0, 10.0)",,,,9361.790948789938,5.2327113769512685e-06,116.49912462746653,0.0,0.0,0.0,74.71675425011901,-0.22288161526878403,0.0,-0.22288161526878447,116.20333524469726,34.09417888040167,0.0,0.0,0.0,74.71615439860588,0.0,0.0,0.0,33.79898934914553,,,50.0,25.0,6.0,74.0,50.0,0.35000000000000003
t_motor_AT2814KV900,AT2814KV900,Motor,650.0,1.2,36.0,0.01061032953945969,3.0,14.0,54.5,0.03705287799228762,5.0,0.108,12N14P,82.0,1,"(30.0, 36.0)",45.0,4.0,900.0,49.99,35.2,3.0,"(9.0, 14.0)","(4.0, 7.0)",,"(6.0, 8.0)",,,,5684.890731032396,5.2327113769512685e-06,48.277474042276225,0.0,0.0,0.0,18.4739883341891,-0.16426465032192272,0.0,-0.16426465032192272,48.119344665579774,22.47775458873644,0.0,0.0,0.0,18.47357412441265,-0.060889970358174283,0.0,-0.0608899703581743,22.32003942181644,,,35.2,14.0,5.0,54.5,36.0,0.108
t_motor_AT2814KV1200,AT2814KV1200,Motor,800.0,1.8,36.0,0.007957747154594767,3.0,14.0,54.5,0.04935185281240953,5.0,0.108,12N14P,26.0,1,"(30.0, 36.0)",55.0,4.0,1200.0,49.99,35.2,3.0,"(9.0, 12.0)","(4.0, 6.0)",,"(6.0, 8.0)",,,,5684.890731032396,5.2327113769512685e-06,48.277474042276225,0.0,0.0,0.0,18.4739883341891,-0.16426465032192272,0.0,-0.16426465032192272,48.119344665579774,22.47775458873644,0.0,0.0,0.0,18.47357412441265,-0.060889970358174283,0.0,-0.0608899703581743,22.32003942181644,,,35.2,14.0,5.0,54.5,36.0,0.108
t_motor_AT2310KV2200,AT2310KV2200,Motor,650.0,2.1,24.8,0.004340589357051691,3.0,10.0,49.8,0.02320142604394973,6.0,0.052000000000000005,12N14P,35.0,1,,45.0,4.0,2200.0,27.99,28.8,3.0,"(5.0, 6.0)","(4.0, 5.0)",,,,,,4571.571402227775,5.2327113769512685e-06,31.937399139555303,0.0,0.0,0.0,9.141593824416564,-0.1389186316596881,0.0,-0.13891863165968799,31.82571997832504,21.183968898107654,0.0,0.0,0.0,9.141327635379012,-0.0854174691512566,0.0,-0.08541746915125648,21.07255592591494,,,28.8,10.0,6.0,49.8,24.8,0.052000000000000005
t_motor_AT3520KV720,AT3520KV720,Motor,1300.0,1.6,45.0,0.013262911924324612,3.0,20.0,65.0,0.09378294959969856,5.0,0.339,12N14P,20.0,1,"(30.0, 36.0)",70.0,5.0,720.0,79.99,43.0,4.0,"(13.0, 15.0)","(5.0, 8.0)",,"(6.0, 8.0)",,,,7475.686462926633,5.2327113769512685e-06,77.90109496245746,0.0,0.0,0.0,40.0376268811271,-0.19515771391932546,0.0,-0.19515771391932546,77.6756632601716,-4.455611525918439,0.0,0.0,0.0,40.036776029338455,0.06955463387405403,0.0,0.06955463387405403,-4.680192376415654,,,43.0,20.0,5.0,65.0,45.0,0.339
t_motor_MN3510KV700,MN3510KV700,Motor,555.0,0.5,29.0,0.013641852265019601,2.0,10.0,37.1,0.06100821800718661,4.0,0.11800000000000001,12N14P,50.0,1,26.0,25.0,4.0,700.0,79.9,41.8,3.0,"(11.0, 14.0)","(3.0, 5.0)",,6.0,,,,6985.904602648997,5.2327113769512685e-06,75.74551779328537,0.0,0.0,0.0,39.14233639787321,-0.19040718318755978,0.0,-0.19040718318755934,75.5311925016659,48.161737800361855,0.0,0.0,0.0,39.142054708047084,-0.10225963165589678,0.0,-0.10225963165589634,47.94769419856851,,,41.8,10.0,4.0,37.1,29.0,0.11800000000000001
t_motor_MN3508KV580,MN3508KV580,Motor,400.0,0.4,27.0,0.016464304457782276,2.0,8.0,35.1,0.04964174574603602,4.0,0.10300000000000001,12N14P,110.0,1,26.0,18.0,4.0,580.0,69.9,41.8,3.0,"(12.0, 15.0)","(4.0, 5.0)",,6.0,,,,6985.904602648997,5.2327113769512685e-06,75.74551779328537,0.0,0.0,0.0,39.14233639787321,-0.19040718318755978,0.0,-0.19040718318755934,75.5311925016659,51.668150511326715,0.0,0.0,0.0,39.142090516075825,-0.11346482888449802,0.0,-0.11346482888449759,51.454071101504624,,,41.8,8.0,4.0,35.1,27.0,0.10300000000000001
t_motor_AT2820KV1250,AT2820KV1250,Motor,1000.0,2.7,43.0,0.007639437268410976,3.0,20.0,63.5,0.06039505452538445,5.0,0.14100000000000001,12N14P,16.0,1,"(30.0, 36.0)",70.0,4.0,1250.0,59.99,35.2,3.0,"(9.0, 13.0)","(4.0, 8.0)",,"(6.0, 8.0)",,,,5712.603982763283,5.2327113769512685e-06,47.93425652273701,0.0,0.0,0.0,18.16139360797968,-0.164261946126113,0.0,-0.16426194612611322,47.776138046616765,14.062717534157414,0.0,0.0,0.0,18.160840368986076,-0.027372391855312123,0.0,-0.027372391855312345,13.90515229703077,,,35.2,20.0,5.0,63.5,43.0,0.14100000000000001
t_motor_AT2308KV1450,AT2308KV1450,Motor,250.0,0.8,26.0,0.006585721783112911,3.0,8.0,40.5,0.021952405943709705,4.0,0.047,12N14P,90.0,1,23.0,23.0,4.0,1450.0,29.99,28.8,2.0,"(6.0, 9.0)","(4.0, 7.0)",,6.0,,,,4303.506303486514,5.2327113769512685e-06,30.825206587983416,0.0,0.0,0.0,8.693726212266151,-0.13891996177970034,0.0,-0.13891996177970034,30.71350651453907,19.742857347252027,0.0,0.0,0.0,8.69345341935516,-0.08393712905869477,0.0,-0.08393712905869477,19.63143006671867,,,28.8,8.0,4.0,40.5,26.0,0.047
t_motor_MN4014KV330,MN4014KV330,Motor,750.0,1.1,35.0,0.028937262380344612,2.0,14.0,42.9,0.09925399112253296,4.0,0.171,18N24P,85.0,1,"(31.5, 31.5)",25.0,8.0,330.0,96.9,44.7,4.0,"(14.0, 18.0)","(4.0, 7.0)",,"(6.0, 8.0)",,,,7680.909267227701,5.2327113769512685e-06,88.84547742167243,0.0,0.0,0.0,50.051758672107866,-0.20189737857053114,0.0,-0.20189737857053158,88.60381621065952,48.31180440104097,0.0,0.0,0.0,50.051397381303616,-0.08088369011458592,0.0,-0.08088369011458635,48.07050448083231,,,44.7,14.0,4.0,42.9,35.0,0.171
t_motor_AS2317KV880,AS2317KV880,Motor,394.0,0.74,36.0,0.010851473392629226,3.0,17.0,52.0,0.03836575210896759,4.0,0.081,12N14P,80.0,1,"(24.0, 28.0)",26.0,4.0,880.0,21.95,29.4,3.0,"(9.0, 13.0)","(5.0, 8.0)",,"(5.0, 6.0)",,,,4434.727140873214,5.2327113769512685e-06,32.1141700608251,0.0,0.0,0.0,9.302170682048041,-0.14129689161989223,0.0,-0.141296891619892,31.99844868172661,12.87675818795047,0.0,0.0,0.0,9.301713786547623,-0.047545741382117715,0.0,-0.04754574138211749,12.761493704352393,,,29.4,17.0,4.0,52.0,36.0,0.081
t_motor_AS2814KV1050,AS2814KV1050,Motor,718.0,1.35,36.0,0.009094568176679734,3.0,14.0,54.5,0.048892701418832354,5.0,0.112,12N14P,34.6,1,30.0,49.0,4.0,1050.0,33.99,36.2,3.0,"(9.0, 14.0)","(4.0, 7.0)",,6.0,,,,5900.680271059017,5.2327113769512685e-06,51.705864200996885,0.0,0.0,0.0,20.724491281364365,-0.16822519654729362,0.0,-0.16822519654729362,51.539764275816964,24.99348937179979,0.0,0.0,0.0,20.724090614390995,-0.06477179718159685,0.0,-0.06477179718159685,24.827790113593245,,,36.2,14.0,5.0,54.5,36.0,0.112
t_motor_MN3520KV400,MN3520KV400,Motor,1140.0,1.2,42.0,0.0238732414637843,2.0,20.0,50.6,0.08336897548264713,4.0,0.222,12N14P,82.0,1,"(31.5, 31.5)",38.0,8.0,400.0,109.9,42.5,4.0,"(14.0, 18.0)","(4.0, 6.0)",,"(6.0, 8.0)",,,,7162.564473193161,5.2327113769512685e-06,77.32159101246818,0.0,0.0,0.0,40.062979291808375,-0.19318072480137616,0.0,-0.19318072480137616,77.10081653235582,23.89701122646434,0.0,0.0,0.0,40.06243735788693,-0.023026975701422592,0.0,-0.023026975701422592,23.67677868027344,,,42.5,20.0,4.0,50.6,42.0,0.222
kde_direct_KDE2306XF2550,KDE2306XF_2550,Motor,629.0,1.2,18.0,0.0037,1.0,6.0,21.5,0.0179,4.0,0.042,12S14P,44.0,1,9.0,34.0,5.0,2550.0,28.95,28.3,2.0,"(5.0, 8.0)","(3.0, 5.0)",,5.0,,,,4134.280995197887,5.2327113769512685e-06,30.725404287203887,0.0,0.0,0.0,8.837075545832409,-0.13693656519471187,0.0,-0.13693656519471165,30.617003942025704,21.3307171267681,0.0,0.0,0.0,8.83684990351827,-0.09089540929020956,0.0,-0.09089540929020935,21.222542423904052,,,28.3,6.0,4.0,21.5,18.0,0.042
t_motor_AT2317KV1250,AT2317KV1250,Motor,550.0,1.3,36.0,0.007639437268410976,3.0,17.0,52.0,0.033501148596264164,4.0,0.079,12N14P,52.0,1,23.0,40.0,4.0,1250.0,39.99,28.8,2.0,"(8.0, 11.0)","(4.0, 7.0)",,6.0,,,,4318.765284196598,5.2327113769512685e-06,30.60979853957744,0.0,0.0,0.0,8.553397918563288,-0.13892018544913154,0.0,-0.13892018544913154,30.498098263043257,11.82348301700412,0.0,0.0,0.0,8.552928614503925,-0.045025170198442446,0.0,-0.04502517019844243,11.7122520445293,,,28.8,17.0,4.0,52.0,36.0,0.079
t_motor_AT4130KV300,AT4130KV300,Motor,3200.0,1.8,55.0,0.03183098861837907,3.0,30.0,79.0,0.17794063585429426,6.0,0.405,12N14P,32.0,1,"(35.0, 40.0)",75.0,12.0,300.0,119.99,50.0,6.0,"(15.0, 20.0)","(7.0, 11.0)",,"(8.0, 10.0)",,,,9361.790948789938,5.2327113769512685e-06,116.49912462746653,0.0,0.0,0.0,74.71675425011901,-0.22288161526878403,0.0,-0.22288161526878447,116.20333524469726,21.144830263005765,0.0,0.0,0.0,74.71606013622525,0.0343852865157957,0.0,0.034385286515795255,20.84973499413026,,,50.0,30.0,6.0,79.0,55.0,0.405
kde_direct_KDE4014XF_380,KDE4014XF_380,Motor,1065.0,0.5,32.0,0.0251,1.0,14.0,41.75,0.0918,5.0,0.215,18S24P,75.0,1,"(20.0, 20.0)",36.0,8.0,380.0,118.95,46.5,4.0,"(16.0, 22.0)","(4.0, 8.0)",,"(6.0, 8.0)",,19.95,,8149.18330057278,5.2327113769512685e-06,100.707889457321,0.0,0.0,0.0,61.33762119678481,-0.20902261748540507,0.0,-0.20902261748540485,100.44845149676127,51.51325139071402,0.0,0.0,0.0,61.337231827066766,-0.07062192838064602,0.0,-0.0706219283806458,51.25420279987233,,,46.5,14.0,5.0,41.75,32.0,0.215
t_motor_AT2826KV1100,AT2826KV1100,Motor,900.0,2.9,49.0,0.008681178714103382,3.0,26.0,69.5,0.02617473866609172,5.0,0.17500000000000002,12N14P,110.0,1,"(30.0, 36.0)",59.0,4.0,1100.0,69.99,35.2,3.0,"(12.0, 15.0)","(5.0, 8.0)",,"(6.0, 8.0)",,,,5712.603982763283,5.2327113769512685e-06,47.93425652273701,0.0,0.0,0.0,18.16139360797968,-0.164261946126113,0.0,-0.16426194612611322,47.776138046616765,5.895112387975091,0.0,0.0,0.0,18.160706963838685,0.005636436834100894,0.0,0.005636436834100672,5.737680555995841,,,35.2,26.0,5.0,69.5,49.0,0.17500000000000002
t_motor_AS2308KV1450,AS2308KV1450,Motor,275.0,0.74,26.0,0.006585721783112911,3.0,8.0,40.5,0.02220046360197951,4.0,0.049,12N14P,88.0,1,"(24.0, 28.0)",24.0,4.0,1450.0,18.99,29.4,2.0,"(7.0, 10.0)","(5.0, 7.0)",,"(5.0, 6.0)",,,,4419.123326431602,5.2327113769512685e-06,32.3391903508228,0.0,0.0,0.0,9.453838197553008,-0.14129701414162765,0.0,-0.14129701414162787,32.223469148470315,20.800315863605835,0.0,0.0,0.0,9.453568083520485,-0.08546925261630973,0.0,-0.08546925261630996,20.684864775285874,,,29.4,8.0,4.0,40.5,26.0,0.049
t_motor_AT2826KV900,AT2826KV900,Motor,820.0,2.2,49.0,0.01061032953945969,3.0,26.0,69.5,0.0684893826735,5.0,0.17500000000000002,12N14P,24.0,1,"(30.0, 36.0)",57.0,4.0,900.0,69.99,35.2,3.0,"(12.0, 16.0)","(6.0, 9.0)",,"(6.0, 8.0)",,,,5712.603982763283,5.2327113769512685e-06,47.93425652273701,0.0,0.0,0.0,18.16139360797968,-0.164261946126113,0.0,-0.16426194612611322,47.776138046616765,5.895112387975091,0.0,0.0,0.0,18.160706963838685,0.005636436834100894,0.0,0.005636436834100672,5.737680555995841,,,35.2,26.0,5.0,69.5,49.0,0.17500000000000002
t_motor_AS2312KV1400,AS2312KV1400,Motor,334.0,1.05,30.0,0.006820926132509801,3.0,12.0,44.5,0.030504109003593304,4.0,0.063,12N14P,50.0,1,"(24.0, 28.0)",30.0,4.0,1400.0,19.99,29.4,3.0,"(7.0, 9.0)","(5.0, 7.0)",,"(5.0, 6.0)",,,,4419.123326431602,5.2327113769512685e-06,32.3391903508228,0.0,0.0,0.0,9.453838197553008,-0.14129701414162765,0.0,-0.14129701414162787,32.223469148470315,17.50349458154384,0.0,0.0,0.0,9.453490908082621,-0.06951846360907604,0.0,-0.06951846360907626,17.38812066866175,,,29.4,12.0,4.0,44.5,30.0,0.063
t_motor_AS2814KV1200,AS2814KV1200,Motor,885.0,2.21,36.0,0.007957747154594767,3.0,14.0,54.5,0.05012909516045148,5.0,0.112,12N14P,25.2,1,30.0,61.0,4.0,1200.0,33.99,36.2,3.0,"(8.0, 12.0)","(4.0, 7.0)",,6.0,,,,5900.680271059017,5.2327113769512685e-06,51.705864200996885,0.0,0.0,0.0,20.724491281364365,-0.16822519654729362,0.0,-0.16822519654729362,51.539764275816964,24.99348937179979,0.0,0.0,0.0,20.724090614390995,-0.06477179718159685,0.0,-0.06477179718159685,24.827790113593245,,,36.2,14.0,5.0,54.5,36.0,0.112
t_motor_MT22081100KV,MT22081100KV,Motor,180.0,0.1,24.5,0.008681178714103382,3.0,8.0,48.0,0.021371584627540637,5.0,0.045,12N14P,165.0,1,,12.0,4.0,1100.0,43.9,27.5,3.0,"(8.0, 11.0)","(2.0, 4.0)",,,,,,4235.722718030402,5.2327113769512685e-06,28.237077306780172,0.0,0.0,0.0,7.385745263880218,-0.1337716208729295,0.0,-0.13377162087292938,28.133855261302102,18.37166738533317,0.0,0.0,0.0,7.3854715266162465,-0.08180571485975222,0.0,-0.0818057148597521,18.26871907711907,,,27.5,8.0,5.0,48.0,24.5,0.045
t_motor_MN2212KV920,MN2212KV920,Motor,220.0,0.5,16.0,0.010379670201645347,2.0,12.0,32.6,0.02754478472337756,4.0,0.065,9N12P,142.0,1,24.0,15.0,4.0,920.0,46.9,24.0,2.0,"(7.0, 9.0)","(2.0, 3.0)",,5.0,,,,3420.416030570708,5.2327113769512685e-06,21.913754439484556,0.0,0.0,0.0,4.961175203848837,-0.1199066173511012,0.0,-0.1199066173511012,21.83173433910205,8.513316942609062,0.0,0.0,0.0,4.960715286519824,-0.0414025926312072,0.0,-0.0414025926312072,8.431756759555565,,,24.0,12.0,4.0,32.6,16.0,0.065
t_motor_AS2317KV1400,AS2317KV1400,Motor,712.0,1.68,36.0,0.006820926132509801,3.0,17.0,52.0,0.03635565844149482,4.0,0.081,12N14P,35.2,1,"(24.0, 28.0)",48.0,4.0,1400.0,21.95,29.4,3.0,"(8.0, 10.0)","(5.0, 7.0)",,"(5.0, 6.0)",,,,4434.727140873214,5.2327113769512685e-06,32.1141700608251,0.0,0.0,0.0,9.302170682048041,-0.14129689161989223,0.0,-0.141296891619892,31.99844868172661,12.87675818795047,0.0,0.0,0.0,9.301713786547623,-0.047545741382117715,0.0,-0.04754574138211749,12.761493704352393,,,29.4,17.0,4.0,52.0,36.0,0.081
t_motor_AS2308KV2600,AS2308KV2600,Motor,326.0,1.62,26.0,0.003672806379043739,3.0,8.0,40.5,0.021204957516222773,4.0,0.049,12N14P,30.0,1,"(24.0, 28.0)",29.0,4.0,2600.0,18.99,29.4,2.0,"(4.0, 8.0)","(3.0, 6.0)",,"(5.0, 6.0)",,,,4419.123326431602,5.2327113769512685e-06,32.3391903508228,0.0,0.0,0.0,9.453838197553008,-0.14129701414162765,0.0,-0.14129701414162787,32.223469148470315,20.800315863605835,0.0,0.0,0.0,9.453568083520485,-0.08546925261630973,0.0,-0.08546925261630996,20.684864775285874,,,29.4,8.0,4.0,40.5,26.0,0.049
t_motor_MN4010KV580,MN4010KV580,Motor,575.0,1.3,30.0,0.016464304457782276,2.0,10.0,39.1,0.08033757960698291,4.0,0.137,18N24P,42.0,1,"(31.5, 31.5)",31.0,8.0,580.0,86.9,44.7,4.0,"(12.0, 15.0)","(4.0, 6.0)",,"(6.0, 8.0)",,,,7692.615887698452,5.2327113769512685e-06,89.50113481451112,0.0,0.0,0.0,50.78464790547637,-0.20189359287974806,0.0,-0.20189359287974806,89.25947601910752,57.37826372693603,0.0,0.0,0.0,50.784364424332026,-0.10646745445818688,0.0,-0.10646745445818688,57.13688841267678,,,44.7,10.0,4.0,39.1,30.0,0.137
kde_direct_KDE2315XF965,KDE2315XF965,Motor,384.0,0.5,28.5,0.0099,1.0,15.0,35.25,0.031,4.0,0.075,12S14P,102.0,1,12.0,26.0,4.0,965.0,60.95,28.3,3.0,"(9.0, 12.0)","(3.0, 5.0)",,6.0,,,,4114.60986375881,5.2327113769512685e-06,30.46612044530081,0.0,0.0,0.0,8.66159024630726,-0.13693656283800548,0.0,-0.13693656283800548,30.357719799958826,13.373918993719492,0.0,0.0,0.0,8.66117459907142,-0.0526504220725785,0.0,-0.0526504220725785,13.265933995613349,,,28.3,15.0,4.0,35.25,28.5,0.075
t_motor_AS2820KV880,AS2820KV880,Motor,626.0,2.0,42.0,0.010851473392629226,3.0,20.0,62.2,0.058850377276750604,5.0,0.136,12N14P,34.0,1,30.0,45.0,4.0,880.0,34.0,36.2,3.0,"(11.0, 14.0)","(5.0, 7.0)",,6.0,,,,5927.3838076677675,5.2327113769512685e-06,51.74733259368238,0.0,0.0,0.0,20.725037173305637,-0.16822490590921158,0.0,-0.16822490590921158,51.58123491317418,19.47558301232384,0.0,0.0,0.0,20.72455188903315,-0.043082039485790896,0.0,-0.043082039485790896,19.309970616088123,,,36.2,20.0,5.0,62.2,42.0,0.136
t_motor_MN3508KV700,MN3508KV700,Motor,510.0,0.5,27.0,0.013641852265019601,2.0,8.0,35.1,0.050840181672655506,4.0,0.10400000000000001,12N14P,72.0,1,26.0,23.0,4.0,700.0,69.9,41.8,3.0,"(11.0, 13.0)","(3.0, 5.0)",,6.0,,,,6985.904602648997,5.2327113769512685e-06,75.74551779328537,0.0,0.0,0.0,39.14233639787321,-0.19040718318755978,0.0,-0.19040718318755934,75.5311925016659,51.43438966392905,0.0,0.0,0.0,39.14208812887391,-0.1127178157359246,0.0,-0.11271781573592415,51.22031264130888,,,41.8,8.0,4.0,35.1,27.0,0.10400000000000001
t_motor_MN5212KV420,MN5212KV420,Motor,1440.0,1.1,33.5,0.022736420441699334,2.0,12.0,42.5,0.08655607334761847,4.0,0.249,24N22P,69.0,1,31.5,60.0,8.0,420.0,109.9,59.0,4.0,"(14.0, 18.0)","(5.0, 7.0)",,6.0,,,,11504.109627332855,5.2327113769512685e-06,189.8333005357701,0.0,0.0,0.0,155.4292608305239,-0.2585498928740968,0.0,-0.25854989287409635,189.43313303538827,132.09178301686427,0.0,0.0,0.0,155.4289874193385,-0.1329031579415758,0.0,-0.13290315794157537,131.6918889276679,,,59.0,12.0,4.0,42.5,33.5,0.249
kde_direct_KDE2814XF_515,KDE2814XF_515,Motor,532.0,0.3,31.7,0.0185,1.0,14.0,41.45,0.0514,4.0,0.125,12S14P,130.0,1,15.0,24.0,6.0,515.0,71.95,35.5,4.0,"(12.0, 16.0)","(3.0, 6.0)",,6.0,,,,5598.9864159786775,5.2327113769512685e-06,50.779396004450014,0.0,0.0,0.0,20.467257256546922,-0.16545217982790383,0.0,-0.16545217982790406,50.618892500207394,21.600934718871052,0.0,0.0,0.0,20.46682550242829,-0.05321255035703748,0.0,-0.0532125503570377,21.44086296874706,,,35.5,14.0,4.0,41.45,31.7,0.125
t_motor_AS2317KV1250,AS2317KV1250,Motor,596.0,1.7,36.0,0.007639437268410976,3.0,17.0,52.0,0.0341646020840245,4.0,0.081,12N14P,50.0,1,"(24.0, 28.0)",40.0,4.0,1250.0,21.95,29.4,3.0,"(8.0, 11.0)","(5.0, 7.0)",,"(5.0, 6.0)",,,,4434.727140873214,5.2327113769512685e-06,32.1141700608251,0.0,0.0,0.0,9.302170682048041,-0.14129689161989223,0.0,-0.141296891619892,31.99844868172661,12.87675818795047,0.0,0.0,0.0,9.301713786547623,-0.047545741382117715,0.0,-0.04754574138211749,12.761493704352393,,,29.4,17.0,4.0,52.0,36.0,0.081
t_motor_MN4010KV475,MN4010KV475,Motor,540.0,0.8,30.0,0.020103782285292044,2.0,10.0,39.1,0.06421917684967011,4.0,0.137,18N24P,98.0,1,"(31.5, 31.5)",30.0,8.0,475.0,86.9,44.7,4.0,"(12.0, 16.0)","(4.0, 6.0)",,"(6.0, 8.0)",,,,7692.615887698452,5.2327113769512685e-06,89.50113481451112,0.0,0.0,0.0,50.78464790547637,-0.20189359287974806,0.0,-0.20189359287974806,89.25947601910752,57.37826372693603,0.0,0.0,0.0,50.784364424332026,-0.10646745445818688,0.0,-0.10646745445818688,57.13688841267678,,,44.7,10.0,4.0,39.1,30.0,0.137
t_motor_AT2820KV880,AT2820KV880,Motor,700.0,1.6,43.0,0.010851473392629226,3.0,20.0,63.5,0.05494857147788286,5.0,0.139,12N14P,39.0,1,"(30.0, 36.0)",45.0,4.0,880.0,59.99,35.2,3.0,"(10.0, 15.0)","(5.0, 8.0)",,"(6.0, 8.0)",,,,5712.603982763283,5.2327113769512685e-06,47.93425652273701,0.0,0.0,0.0,18.16139360797968,-0.164261946126113,0.0,-0.16426194612611322,47.776138046616765,14.543164895697554,0.0,0.0,0.0,18.160848216347688,-0.029314087660571697,0.0,-0.02931408766057192,14.385591811209299,,,35.2,20.0,5.0,63.5,43.0,0.139
kde_direct_KDE3510XF_475,KDE3510XF_475,Motor,666.0,0.2,35.0,0.0201,1.0,10.0,44.75,0.062,5.0,0.17500000000000002,12S14P,105.0,1,"(17.0, 17.0)",30.0,6.0,475.0,92.95,42.2,4.0,"(12.0, 16.0)","(4.0, 6.0)",,"(6.0, 8.0)",,,,7123.2990817924365,5.2327113769512685e-06,74.07890859039148,0.0,0.0,0.0,37.04414787745708,-0.1919904254167326,0.0,-0.19199042541673217,73.86091198291436,30.652890261443545,0.0,0.0,0.0,37.04368227829356,-0.04979724334979249,0.0,-0.04979724334979205,30.435359253129946,,,42.2,10.0,5.0,44.75,35.0,0.17500000000000002
t_motor_MN3510KV630,MN3510KV630,Motor,495.0,0.5,29.0,0.015157613627799556,2.0,10.0,37.1,0.059453052052038345,4.0,0.11900000000000001,12N14P,65.0,1,26.0,22.0,4.0,630.0,79.9,41.8,3.0,"(12.0, 14.0)","(4.0, 5.0)",,6.0,,,,6985.904602648997,5.2327113769512685e-06,75.74551779328537,0.0,0.0,0.0,39.14233639787321,-0.19040718318755978,0.0,-0.19040718318755934,75.5311925016659,47.9279769529642,0.0,0.0,0.0,39.14205232084517,-0.10151261850732338,0.0,-0.10151261850732293,47.713935738372776,,,41.8,10.0,4.0,37.1,29.0,0.11900000000000001
t_motor_MN3510KV360,MN3510KV360,Motor,330.0,0.4,29.0,0.026525823848649224,2.0,10.0,37.1,0.06117725079763944,4.0,0.117,12N14P,188.0,1,26.0,15.0,6.0,360.0,79.9,41.8,3.0,"(12.0, 16.0)","(4.0, 6.0)",,6.0,,,,6985.904602648997,5.2327113769512685e-06,75.74551779328537,0.0,0.0,0.0,39.14233639787321,-0.19040718318755978,0.0,-0.19040718318755934,75.5311925016659,48.39549864775951,0.0,0.0,0.0,39.142057095249,-0.10300664480447021,0.0,-0.10300664480446976,48.18145265876425,,,41.8,10.0,4.0,37.1,29.0,0.117
t_motor_MN3110KV780,MN3110KV780,Motor,481.0,0.4,30.0,0.012242687930145796,2.0,10.0,37.1,0.04594598907457945,4.0,0.1,12N14P,71.0,1,26.0,26.0,6.0,780.0,61.9,37.7,3.0,"(9.0, 12.0)","(3.0, 4.0)",,6.0,,,,6043.8502892191445,5.2327113769512685e-06,57.94003054704589,0.0,0.0,0.0,25.273927898278842,-0.17416940776408563,0.0,-0.17416940776408607,57.76158398830286,34.0614049132494,0.0,0.0,0.0,25.27361385002139,-0.08757297513348178,0.0,-0.08757297513348222,33.88327240276382,,,37.7,10.0,4.0,37.1,30.0,0.1
t_motor_AT2317KV880,AT2317KV880,Motor,350.0,0.9,36.0,0.010851473392629226,3.0,17.0,52.0,0.03789498885574869,4.0,0.079,12N14P,82.0,1,23.0,25.0,4.0,880.0,39.99,28.8,2.0,"(9.0, 14.0)","(4.0, 8.0)",,6.0,,,,4318.765284196598,5.2327113769512685e-06,30.60979853957744,0.0,0.0,0.0,8.553397918563288,-0.13892018544913154,0.0,-0.13892018544913154,30.498098263043257,11.82348301700412,0.0,0.0,0.0,8.552928614503925,-0.045025170198442446,0.0,-0.04502517019844243,11.7122520445293,,,28.8,17.0,4.0,52.0,36.0,0.079
t_motor_MN2212KV780,MN2212KV780,Motor,200.0,0.4,16.0,0.012242687930145796,2.0,12.0,32.6,0.029434301070491033,4.0,0.065,9N12P,173.0,1,24.0,13.0,4.0,780.0,46.9,27.5,2.0,"(8.0, 11.0)","(3.0, 4.0)",,5.0,,,,4029.661633452312,5.2327113769512685e-06,29.715814704724572,0.0,0.0,0.0,8.52221503109618,-0.1337706181870113,0.0,-0.1337706181870113,29.612591163535917,16.23748289453248,0.0,0.0,0.0,8.521880731786299,-0.06664621676324302,0.0,-0.066646216763243,16.13459365265371,,,27.5,12.0,4.0,32.6,16.0,0.065
